{
  "auc_micro": 0.6031140022319217,
  "auc_macro": 0.5379327893669437,
  "f1_micro": 0.2658431265373053,
  "f1_macro": 0.10559839811836286,
  "avg_acc": 0.3280276256508485,
  "avg_f1": 0.33446533129491407
}