{
  "auc": 0.7108782892275574,
  "accuracy": 0.6994609164420486,
  "f1": 0.7310012062726177
}