{
  "auc": 0.6427930846190155,
  "accuracy": 0.6706948640483383,
  "f1": 0.7555270746555591
}