{"_step":3602,"train/grad_norm":2.7667440585509735,"train_loss":1.3086666167278809,"_runtime":16781.214962225,"train_samples_per_second":27.472,"train_runtime":16782.3436,"train/learning_rate":2.0222858987395396e-13,"train_steps_per_second":0.215,"train/epoch":2,"total_flos":3.99067359584256e+14,"_wandb":{"runtime":16803},"train/global_step":3602,"_timestamp":1.7472717203403704e+09,"train/loss":1.1025}