{
  "auc": 0.7522136531116151,
  "accuracy": 0.7543800539083558,
  "f1": 0.7320837927232635
}