{
  "auc_micro": 0.5643485639209593,
  "auc_macro": 0.5193360580928676,
  "f1_micro": 0.2140037755277158,
  "f1_macro": 0.07368544869566433,
  "avg_acc": 0.20185070278144981,
  "avg_f1": 0.2525439919251452
}