{
  "auc_micro": 0.5257305897656699,
  "auc_macro": 0.5090039110215994,
  "f1_micro": 0.13736973300897978,
  "f1_macro": 0.04764844279081884,
  "avg_acc": 0.12339817087975828,
  "avg_f1": 0.13436319414987957
}