{
  "auc": 0.5341173911836297,
  "accuracy": 0.7030643072939146,
  "f1": 0.8165333333333333
}