{
  "auc_micro": 0.5468849918835162,
  "auc_macro": 0.509093548794762,
  "f1_micro": 0.2156448202959831,
  "f1_macro": 0.08916931251527313,
  "avg_acc": 0.14655172413793102,
  "avg_f1": 0.19713492063492064
}