{"total_flos":1.99676841762816e+14,"train/global_step":1801,"train/learning_rate":8.093775576423213e-12,"train_loss":1.158785625373834,"train/epoch":1,"_wandb":{"runtime":8628},"train/loss":0.9782,"_timestamp":1.7472635948913364e+09,"train_samples_per_second":26.833,"train_steps_per_second":0.21,"_step":1801,"train/grad_norm":2.172101942303656,"train_runtime":8591.1377,"_runtime":8590.011629556}