{
  "auc_micro": 0.588234275642362,
  "auc_macro": 0.5189626472014546,
  "f1_micro": 0.2515196711243686,
  "f1_macro": 0.08319812591484885,
  "avg_acc": 0.27069900450535517,
  "avg_f1": 0.3203399921344131
}