{
  "auc_micro": 0.5913646647239895,
  "auc_macro": 0.5514916785387723,
  "f1_micro": 0.24271010331829457,
  "f1_macro": 0.11556820775921126,
  "avg_acc": 0.3352577764588448,
  "avg_f1": 0.29884634864709875
}