{"train/global_step":51,"train/epoch":0.028317601332593003,"_timestamp":1.7472492694811664e+09,"_runtime":262.293853979,"train/learning_rate":4.587155963302752e-07,"_wandb":{"runtime":270},"train/grad_norm":8.91209070523538,"train/loss":2.6293,"_step":50}