{
  "auc_micro": 0.5356028743830653,
  "auc_macro": 0.5453561693981868,
  "f1_micro": 0.20962363030014292,
  "f1_macro": 0.15619794670288592,
  "avg_acc": 0.15804597701149425,
  "avg_f1": 0.20053424353424354
}