{
  "auc": 0.6612051013891845,
  "accuracy": 0.5921450151057401,
  "f1": 0.6408209806157354
}