{
  "auc_micro": 0.5190030252348861,
  "auc_macro": 0.5228851934317046,
  "f1_micro": 0.15133998949027852,
  "f1_macro": 0.06182872276752811,
  "avg_acc": 0.10344827586206896,
  "avg_f1": 0.18081976911976913
}