{
  "auc": 0.7557143456766241,
  "accuracy": 0.7540431266846361,
  "f1": 0.7470547470547471
}