{
  "auc": 0.7636651562240516,
  "accuracy": 0.7692048517520216,
  "f1": 0.7337738048970074
}