{
  "auc_micro": 0.5377421622640891,
  "auc_macro": 0.5329417171418266,
  "f1_micro": 0.19483938915218535,
  "f1_macro": 0.07538791933371711,
  "avg_acc": 0.13290229885057472,
  "avg_f1": 0.2078206349206349
}