{"train/learning_rate":8.093775576423212e-13,"_wandb":{"runtime":8726},"_step":1801,"train_runtime":8660.0305,"train_loss":1.4342980059830763,"total_flos":1.99490148990976e+14,"train/grad_norm":2.7340844620906677,"train/loss":1.3382,"train/global_step":1801,"_runtime":8658.905747099,"train_steps_per_second":0.208,"_timestamp":1.7472623444588902e+09,"train_samples_per_second":26.619,"train/epoch":1}