{
  "auc_micro": 0.598317571777592,
  "auc_macro": 0.5978129818198182,
  "f1_micro": 0.3520063567739372,
  "f1_macro": 0.23832748549534477,
  "avg_acc": 0.3182471264367816,
  "avg_f1": 0.3133531690531691
}