{
  "auc": 0.6460910681925605,
  "accuracy": 0.628032345013477,
  "f1": 0.6946902654867256
}