{"train/learning_rate":2.02228589873954e-12,"train_runtime":16938.1738,"_runtime":16937.160919574,"train_samples_per_second":27.219,"train_loss":1.0067929781555534,"_wandb":{"runtime":16960},"_step":3602,"train/loss":0.7977,"train_steps_per_second":0.213,"train/grad_norm":2.4510168506075125,"_timestamp":1.747271943806939e+09,"train/global_step":3602,"train/epoch":2,"total_flos":3.99127792295936e+14}