{
  "auc_micro": 0.5639823496966354,
  "auc_macro": 0.5255729564553094,
  "f1_micro": 0.27184466019417475,
  "f1_macro": 0.08908045977011494,
  "avg_acc": 0.1891891891891892,
  "avg_f1": 0.26685823754789273
}