{
  "auc": 0.5570801210561875,
  "accuracy": 0.667242123435477,
  "f1": 0.7774891774891775
}