{
  "auc": 0.5259724754509528,
  "accuracy": 0.7056538627535607,
  "f1": 0.8204318062137967
}