{
  "auc_micro": 0.5229488392246112,
  "auc_macro": 0.5027682527710693,
  "f1_micro": 0.13258317025440314,
  "f1_macro": 0.043889601959600476,
  "avg_acc": 0.1235750113999088,
  "avg_f1": 0.11648732220160792
}